"","french_name","species","minYear","maxYear","estimate","se","infIC","supIC","GR","infGR","supGR","perc","infPerc","supPerc","pval","trend","trendEBCC"
"1","Héron garde-boeufs","BUBIBI",2015,2024,0.245242292783983,0.0519668377583018,0.143387290777712,0.347097294790254,1.27793090913465,1.1541767171157,1.41495438636371,"+809%","+263.5%","+2173.4%",2.36765166167188e-06,"Augmentation forte","Forte augmentation"
"2","Guêpier d'Europe","MERAPI",2015,2024,0.21151138496544,0.0475246365172205,0.118363097391687,0.304659672539192,1.23554403217473,1.1256527587541,1.35616338481881,"+571%","+190.2%","+1451.7%",8.56454963162356e-06,"Augmentation forte","Forte augmentation"
"3","Tarin des aulnes","CARSPI",2015,2024,0.150019720761945,0.0553707019832007,0.0414931448748718,0.258546296649019,1.16185715521073,1.04236601627751,1.29504610475998,"+285.8%","+45.3%","+924.6%",0.0067411109820233,"Augmentation forte","Augmentation modérée"
"4","Cisticole des joncs","CISJUN",2015,2024,0.140108189635047,0.0167065907900287,0.107363271686591,0.172853107583503,1.15039825329195,1.11333862542683,1.18869148249465,"+252.9%","+162.8%","+373.8%",5.01246378747843e-17,"Augmentation forte","Forte augmentation"
"5","Ouette d'Egypte","ALOAEG",2015,2024,0.125690304369653,0.0565769869245876,0.014799409997461,0.236581198741844,1.1339309404416,1.01490946350437,1.2669104229761,"+209.9%","+14.2%","+740.8%",0.0263117006260619,"Augmentation modérée à forte","Augmentation modérée"
"6","Bouscarle de Cetti","CETCET",2015,2024,0.10516521633247,0.0123025728760478,0.0810521734954164,0.129278259169524,1.11089413304924,1.08442747346266,1.13800674092357,"+157.7%","+107.4%","+220.1%",1.24990999745568e-17,"Augmentation forte","Forte augmentation"
"7","Bernache du Canada","BRACAN",2015,2024,0.102932447509574,0.0414693714962446,0.0216524793769345,0.184212415642213,1.10841653024986,1.02188859539487,1.20227117717896,"+152.5%","+21.5%","+424.8%",0.0130598943937528,"Augmentation modérée à forte","Augmentation modérée"
"8","Cigogne blanche","CICCIC",2015,2024,0.100749464917287,0.0406272799843791,0.0211199961479044,0.180378933686671,1.10599951536987,1.0213446017025,1.19767111507648,"+147.6%","+20.9%","+407%",0.0131438528036345,"Augmentation modérée à forte","Augmentation modérée"
"9","Perruche à collier","PSIKRA",2015,2024,0.09979356279127,0.0262797614883671,0.0482852302740704,0.151301895308469,1.10494279322369,1.04946995324042,1.1633478143202,"+145.5%","+54.4%","+290.3%",0.000146248741670985,"Augmentation forte","Augmentation modérée"
"10","Fuligule milouin","AYTFER",2015,2024,0.0932019645411792,0.0803742132949908,-0.0643314935170028,0.250735422599361,1.09768340600797,0.937694108486499,1.28497006531273,"+131.4%","-44%","+855.1%",0.246211565155068,"Incertain","Incertain"
"11","Rollier d'Europe","CORGAR",2015,2024,0.0910876497976753,0.0346768392496237,0.023121044868413,0.159054254726938,1.09536500957249,1.02339040820753,1.17240155328136,"+127%","+23.1%","+318.5%",0.00862027263785999,"Augmentation modérée à forte","Augmentation modérée"
"12","Milan royal","MILMIL",2015,2024,0.0896165352657312,0.0226742465414971,0.045175012044397,0.134058058487066,1.09375478689052,1.04621094340342,1.14345920522898,"+124%","+50.2%","+234.2%",7.73877679301188e-05,"Augmentation forte","Augmentation modérée"
"13","Gobemouche noir","FICHYP",2015,2024,0.0831178353007698,0.02992434441521,0.0244661202469582,0.141769550354581,1.08666984907275,1.02476787163664,1.15231106825965,"+111.3%","+24.6%","+258.2%",0.0054762120079951,"Augmentation modérée à forte","Augmentation modérée"
"14","Grande Aigrette","EGRALB",2015,2024,0.0823449791345245,0.0410662130754101,0.00185520150672082,0.162834756762328,1.08583033403319,1.00185692345773,1.17684220840381,"+109.8%","+1.7%","+333%",0.0449442497968344,"Augmentation modérée à forte","Augmentation modérée"
"15","Circaète Jean-le-blanc","CIRGAL",2015,2024,0.0814833296386885,0.0550909381651811,-0.0264949091650665,0.189461568442443,1.08489513183942,0.973853001547796,1.20859867476735,"+108.2%","-21.2%","+450.2%",0.139121724924909,"Incertain","Incertain"
"16","Goéland argenté","LARARG",2015,2024,0.0802402174961933,0.0568299899555151,-0.0311465628166163,0.191626997809003,1.08354732343976,0.969333494417374,1.21121864548707,"+105.9%","-24.4%","+461.1%",0.157969279081123,"Incertain","Incertain"
"17","Echasse blanche","HIMHIM",2015,2024,0.0732899978135498,0.0684043159811455,-0.0607824615094954,0.207362457136595,1.07604254165654,0.941027927306323,1.23042846854613,"+93.4%","-42.1%","+546.4%",0.283979010480842,"Incertain","Incertain"
"18","Rousserolle verderolle","ACRRIS",2015,2024,0.0690450787667501,0.0293149426404343,0.0115877911914989,0.126502366342001,1.07148450925995,1.01165518972564,1.13485213662117,"+86.2%","+11%","+212.2%",0.0185084462392026,"Augmentation modérée à forte","Augmentation modérée"
"19","Pigeon colombin","COLOEN",2015,2024,0.0642887069047476,0.0125586331578421,0.039673785915377,0.088903627894118,1.0664002314327,1.04047130243166,1.09297531891746,"+78.4%","+42.9%","+122.6%",3.07022053606787e-07,"Augmentation forte","Augmentation modérée"
"20","Choucas des tours","CORMON",2015,2024,0.0639364246778341,0.0131624122129434,0.0381380967404651,0.0897347526152031,1.06602462374823,1.0388746881811,1.0938840953255,"+77.8%","+41%","+124.3%",1.18876802188363e-06,"Augmentation forte","Augmentation modérée"
"21","Alouette lulu","LULARB",2015,2024,0.0636330504684021,0.0060672138338679,0.051741311354021,0.0755247895827833,1.06570126842208,1.05310328141164,1.07844996171129,"+77.3%","+59.3%","+97.3%",9.80634096705807e-26,"Augmentation forte","Forte augmentation"
"22","Râle d'eau","RALAQU",2015,2024,0.062775088734257,0.042178580723048,-0.0198949294829171,0.145445106951431,1.06478732963206,0.980301668698998,1.15655424605126,"+75.9%","-16.4%","+270.2%",0.136667376217379,"Incertain","Incertain"
"23","Grand Corbeau","CORRAX",2015,2024,0.0623505226613499,0.0178621991762602,0.0273406122758799,0.0973604330468199,1.06433535301079,1.02771779645164,1.10225759209368,"+75.3%","+27.9%","+140.2%",0.000481863485688663,"Augmentation modérée à forte","Augmentation modérée"
"24","Pic mar","DENMED",2015,2024,0.0611267652483665,0.0129805347734449,0.0356849170924146,0.0865686134043186,1.06303366137249,1.03632926540541,1.09042618300366,"+73.3%","+37.9%","+118%",2.48800860217266e-06,"Augmentation forte","Augmentation modérée"
"25","Bruant proyer","MILCAL",2015,2024,0.0604490092205768,0.00635328543934531,0.04799656975946,0.0729014486816938,1.06231342799958,1.04916705642293,1.07562452747592,"+72.3%","+54%","+92.7%",1.82402375728682e-21,"Augmentation forte","Augmentation modérée"
"26","Grand Cormoran","PHACAR",2015,2024,0.0579657477778104,0.0248601392095704,0.00923987492705258,0.106691620628569,1.05967869873843,1.00928269435182,1.11259110142687,"+68.5%","+8.7%","+161.2%",0.0197178316270858,"Augmentation modérée à forte","Augmentation modérée"
"27","Fauvette mélanocéphale","SYLMEL",2015,2024,0.0561049507021905,0.0176652895204115,0.0214809832421842,0.090728918162197,1.05770868518089,1.0217133604771,1.09497213796312,"+65.7%","+21.3%","+126.3%",0.00149321208068737,"Augmentation modérée à forte","Augmentation modérée"
"28","Tadorne de Belon","TADTAD",2015,2024,0.0550624567681604,0.0393374458120372,-0.0220389370234325,0.132163850559753,1.05660660484846,0.978202146029797,1.14129530582259,"+64.1%","-18%","+228.5%",0.161589208172024,"Incertain","Incertain"
"29","Aigrette garzette","EGRGAR",2015,2024,0.0510591177707672,0.032528928140949,-0.0126975813854928,0.114815816927027,1.05238510610571,0.987382692779239,1.12166682650243,"+58.3%","-10.8%","+181%",0.116495946061133,"Incertain","Incertain"
"30","Pie-grièche écorcheur","LANCOL",2015,2024,0.0469785203348091,0.00624238762980858,0.0347434405803844,0.059213600089234,1.04809949601161,1.03535404488894,1.0610018466269,"+52.6%","+36.7%","+70.4%",5.24268043998611e-14,"Augmentation forte","Augmentation modérée"
"31","Pigeon biset","COLLIV",2015,2024,0.0452990015917222,0.0146135887173289,0.0166563677057577,0.073941635477687,1.04634067066694,1.01679585839154,1.07674396001538,"+50.3%","+16.2%","+94.5%",0.00193660335478939,"Augmentation modérée à forte","Augmentation modérée"
"32","Chevêche d'Athéna","ATHNOC",2015,2024,0.0448258887174032,0.0236103883943412,-0.00145047253550564,0.0911022499703118,1.04584575051051,0.998550578891366,1.09538100220748,"+49.7%","-1.3%","+127%",0.0576215173732643,"Incertain","Incertain"
"33","Goéland leucophée","LARMIC",2015,2024,0.041699405502624,0.0472993832973459,-0.0510073857601741,0.134406196765422,1.04258103752082,0.950271652027986,1.14385735644988,"+45.5%","-36.8%","+235.2%",0.377990076426036,"Incertain","Incertain"
"34","Busard des roseaux","CIRAER",2015,2024,0.0391685699796319,0.0325042195641588,-0.0245397003661194,0.102876840325383,1.03994577251321,0.975758950161875,1.10835489604137,"+42.3%","-19.8%","+152.4%",0.228191598717309,"Incertain","Incertain"
"35","Sterne pierregarin","STEHIR",2015,2024,0.0383977275669731,0.0430437701985452,-0.0459680620221757,0.122763517156122,1.03914444709238,0.955072464786817,1.1306170178029,"+41.3%","-33.9%","+201.9%",0.372359504201099,"Incertain","Incertain"
"36","Bihoreau gris","NYCNYC",2015,2024,0.0368075706925478,0.0524574912281796,-0.0660091121146842,0.13962425349978,1.03749335749996,0.936122334198688,1.14984166869379,"+39.3%","-44.8%","+251.4%",0.482888282099427,"Incertain","Incertain"
"37","Chevalier culblanc","TRIOCH",2015,2024,0.0367423065876536,0.0473393557151769,-0.0560428306140931,0.1295274437894,1.03742564863416,0.945498638735822,1.13829035003477,"+39.2%","-39.6%","+220.8%",0.43766209982937,"Incertain","Incertain"
"38","Pie-grièche à tête rousse","LANSEN",2015,2024,0.0352880223136865,0.0402677659259152,-0.0436367989011073,0.11421284352848,1.03591803334425,0.957301587327942,1.12099069510913,"+37.4%","-32.5%","+179.5%",0.380848352635847,"Incertain","Incertain"
"39","Milan noir","MILMIG",2015,2024,0.035171235916701,0.00737870228022987,0.0207089794474505,0.0496334923859515,1.03579705927377,1.02092489827275,1.05088586811363,"+37.2%","+20.5%","+56.3%",1.87371638179176e-06,"Augmentation modérée à forte","Augmentation modérée"
"40","Rousserolle turdoïde","ACRARU",2015,2024,0.0343536589720968,0.0394779653973596,-0.043023153206728,0.111730471150922,1.03495056156447,0.957889211603342,1.11821142978502,"+36.2%","-32.1%","+173.3%",0.384192036567285,"Incertain","Incertain"
"41","Pigeon ramier","COLPAL",2015,2024,0.0309765072891163,0.0023862019830042,0.026299551402428,0.0356534631758045,1.03146127178044,1.02664843639585,1.03629666930375,"+32.2%","+26.7%","+37.8%",1.55776746614256e-38,"Augmentation modérée à forte","Augmentation modérée"
"42","Bergeronnette des ruisseaux","MOTCIN",2015,2024,0.0292633704304424,0.0132449011473706,0.0033033641815959,0.0552233766792889,1.02969575017932,1.00330882630186,1.05677664757068,"+30.1%","+3%","+64.4%",0.0271463806752591,"Augmentation modérée","Augmentation modérée"
"43","Loriot d'Europe","ORIORI",2015,2024,0.0273500221963927,0.00430733876886351,0.0189076382094202,0.0357924061833652,1.02772746723992,1.01908751952245,1.03644066548311,"+27.9%","+18.6%","+38%",2.15828610731654e-10,"Augmentation modérée","Augmentation modérée"
"44","Martin-pêcheur d'Europe","ALCATT",2015,2024,0.0267424374338114,0.0182809771542057,-0.00908827778843181,0.0625731526560546,1.02710322534987,0.990952895781458,1.06457233236317,"+27.2%","-7.9%","+75.6%",0.143506781162154,"Incertain","Incertain"
"45","Pic épeichette","DENMIN",2015,2024,0.0266385682165201,0.0132235296442721,0.000720450113746552,0.0525566863192934,1.0269965464822,1.00072070970027,1.05396230562898,"+27.1%","+0.7%","+60.5%",0.0439589070442883,"Augmentation modérée","Augmentation modérée"
"46","Pic noir","DRYMAR",2015,2024,0.0264092854516387,0.00769887055628378,0.0113194991613226,0.0414990717419548,1.02676110086734,1.01138380710748,1.04237219426065,"+26.8%","+10.7%","+45.3%",0.000602957614289655,"Augmentation modérée","Augmentation modérée"
"47","Hirondelle de rochers","PTYRUP",2015,2024,0.0248404639386718,0.0287281747593949,-0.0314667585897422,0.0811476864670859,1.02515155883582,0.969023167615028,1.08453105529983,"+25.1%","-24.7%","+107.6%",0.387218543469822,"Incertain","Incertain"
"48","Étourneau sansonnet","STUVUL",2015,2024,0.0241696453404211,0.00553019808771838,0.0133304570884932,0.0350088335923493,1.02446409871043,1.01341970375696,1.03562885708237,"+24.3%","+12.7%","+37%",1.23971122429038e-05,"Augmentation modérée","Augmentation modérée"
"49","Rougegorge familier","ERIRUB",2015,2024,0.0241164759907479,0.00204065008593691,0.0201168018223115,0.0281161501591844,1.02440963006858,1.0203205083618,1.02851513968111,"+24.2%","+19.8%","+28.8%",3.14962168595959e-32,"Augmentation modérée","Augmentation modérée"
"50","Caille des blés","COTCOT",2015,2024,0.0234940943871234,0.0120722734340225,-0.000167561543560788,0.0471557503178076,1.02377225472617,0.999832452494091,1.04828526712909,"+23.5%","-0.2%","+52.9%",0.0516403106498565,"Incertain","Stable"
"51","Moineau domestique","PASDOM",2015,2024,0.0225561381366416,0.00296733961453655,0.0167401524921498,0.0283721237811332,1.02281245133794,1.01688105398433,1.02877844612496,"+22.5%","+16.3%","+29.1%",2.92789405787677e-14,"Augmentation modérée","Augmentation modérée"
"52","Faucon crécerelle","FALTIN",2015,2024,0.0214953414955701,0.0053498378086202,0.0110096593906745,0.0319810236004657,1.02172803060174,1.0110704887224,1.03249791202632,"+21.3%","+10.4%","+33.4%",5.87084807963646e-05,"Augmentation modérée","Augmentation modérée"
"53","Torcol fourmilier","JYNTOR",2015,2024,0.0211092841395813,0.0115146288385519,-0.00145938838398029,0.043677956663143,1.02133366110922,0.998541676005399,1.04464587946666,"+20.9%","-1.3%","+48.2%",0.0667642288846976,"Incertain","Stable"
"54","Gobemouche gris","MUSSTR",2015,2024,0.0202270303080482,0.0144970087866425,-0.00818710691377105,0.0486411675298677,1.02043298294524,0.991846316171051,1.04984356518288,"+20%","-7.1%","+54.9%",0.162938825510381,"Incertain","Stable"
"55","Phragmite des joncs","ACRSCH",2015,2024,0.0196541318108886,0.0193118767275042,-0.0181971465750198,0.0575054101967967,1.01984854585041,0.981967421760114,1.05919100107099,"+19.3%","-15.1%","+67.8%",0.30880984286051,"Incertain","Incertain"
"56","Grimpereau des jardins","CERBRA",2015,2024,0.0192739338307276,0.00356744652078447,0.01228173864999,0.0262661290114652,1.01946087519368,1.01235746891767,1.02661412392383,"+18.9%","+11.7%","+26.7%",6.56359111959135e-08,"Augmentation modérée","Augmentation modérée"
"57","Pouillot de Bonelli","PHYBON",2015,2024,0.0186241767812429,0.0102377386630108,-0.00144179099825849,0.038690144560744,1.01879868845689,0.99855924788304,1.03944835501945,"+18.2%","-1.3%","+41.7%",0.0688856511114105,"Incertain","Stable"
"58","Rougequeue à front blanc","PHOPHO",2015,2024,0.0179571324011797,0.00667375578724185,0.00487657105818578,0.0310376937441737,1.01811933112328,1.00488848088266,1.03152438517001,"+17.5%","+4.5%","+32.2%",0.00713004339071471,"Augmentation modérée","Augmentation modérée"
"59","Serin cini","SERSER",2015,2024,0.0166908894345142,0.00594446542406327,0.00503973720335016,0.0283420416656782,1.01683096054825,1.0050524580398,1.02874749875845,"+16.2%","+4.6%","+29.1%",0.00498806890710561,"Augmentation modérée","Augmentation modérée"
"60","Pic épeiche","DENMAJ",2015,2024,0.0148582947689838,0.00311137385931562,0.00876000200472509,0.0209565875332424,1.01496922797583,1.00879848310505,1.02117771883147,"+14.3%","+8.2%","+20.8%",1.7928164888506e-06,"Augmentation modérée","Augmentation modérée"
"61","Grosbec casse-noyaux","COCCOC",2015,2024,0.0143310576658656,0.0127106333330466,-0.0105817836669056,0.0392438989986369,1.01443423958558,0.989474006446172,1.04002411355872,"+13.8%","-9.1%","+42.4%",0.259537171724245,"Incertain","Stable"
"62","Rossignol philomèle","LUSMEG",2015,2024,0.0143237531479313,0.00296707880258824,0.00850827869485845,0.0201392276010044,1.01442682965955,1.00854457697028,1.02034339010029,"+13.8%","+8%","+19.9%",1.38215537935163e-06,"Augmentation modérée","Augmentation modérée"
"63","Tarier pâtre","SAXTOR",2015,2024,0.0142849182725908,0.00516229174095499,0.00416682646031912,0.0244030100848626,1.01438743528502,1.00417551975198,1.02470320041088,"+13.7%","+3.8%","+24.6%",0.00565459513702932,"Augmentation modérée","Augmentation modérée"
"64","Oedicnème criard","BUROED",2015,2024,0.0139458359851915,0.018071471838612,-0.0214742488184882,0.0493659207888711,1.01404353278207,0.978754681234085,1.05060471851905,"+13.4%","-17.6%","+55.9%",0.440289469933389,"Incertain","Incertain"
"65","Linotte mélodieuse","CARCAN",2015,2024,0.0135810793694702,0.0070013920009233,-0.000141648952339555,0.0273038076912798,1.01367372114458,0.9998583610794,1.02767997242111,"+13%","-0.1%","+27.9%",0.0524078355098718,"Stable","Stable"
"66","Bruant zizi","EMBCIR",2015,2024,0.0133723975151425,0.00515309406106222,0.00327233315546065,0.0234724618748244,1.01346220790302,1.0032776930825,1.02375010819982,"+12.8%","+3%","+23.5%",0.00945845943872768,"Augmentation modérée","Augmentation modérée"
"67","Pie bavarde","PICPIC",2015,2024,0.0115523162906052,0.00406958090402752,0.00357593771871102,0.0195286948624991,1.01161930199461,1.00358233901193,1.01972062718403,"+11%","+3.3%","+19.2%",0.00452978277028805,"Augmentation modérée","Augmentation modérée"
"68","Merle à plastron","TURTOR",2015,2024,0.011043866535202,0.0439201749995998,-0.0750396764640136,0.0971274095344178,1.01110507514828,0.927706677477731,1.10200077008194,"+10.5%","-49.1%","+139.7%",0.801463776362335,"Incertain","Incertain"
"69","Huppe fasciée","UPUEPO",2015,2024,0.00961249510633872,0.00818191028554446,-0.00642404905332842,0.0256490392660057,1.00965884352637,0.993596541035618,1.02598080630241,"+9%","-5.6%","+26%",0.240055817657136,"Stable","Stable"
"70","Mésange bleue","PARCAE",2015,2024,0.00906207302171252,0.00290010456891479,0.00337786806663958,0.0147462779767856,1.00910325791828,1.00338357949198,1.01485554074629,"+8.5%","+3.1%","+14.2%",0.00177962224562698,"Augmentation modérée","Augmentation modérée"
"71","Pouillot véloce","PHYCOL",2015,2024,0.00830374467413337,0.00186172657586753,0.00465476058543296,0.0119527287628339,1.00833831638725,1.00466561081202,1.01202444808764,"+7.8%","+4.3%","+11.4%",8.18684702008078e-06,"Augmentation modérée","Augmentation modérée"
"72","Fauvette à tête noire","SYLATR",2015,2024,0.00777677469883776,0.00148567892718385,0.00486484400155743,0.010688705396118,1.00780709235142,1.00487669656764,1.01074603368062,"+7.2%","+4.5%","+10.1%",1.65439091920565e-07,"Augmentation modérée","Augmentation modérée"
"73","Fauvette pitchou","SYLUND",2015,2024,0.00726736721859828,0.0402317267429404,-0.0715868171975649,0.0861215516347615,1.00729383861868,0.930915454615561,1.08993880409707,"+6.8%","-47.5%","+117.1%",0.856651949965102,"Incertain","Incertain"
"74","Mésange charbonnière","PARMAJ",2015,2024,0.00654663229533594,0.00188922333031807,0.00284375456791263,0.0102495100227594,1.0065681083322,1.00284780187354,1.01030221616742,"+6.1%","+2.6%","+9.7%",0.000529737590748388,"Augmentation modérée","Augmentation modérée"
"75","Moineau soulcie","PETPET",2015,2024,0.00650659403081214,0.0446936723217624,-0.0810930037198423,0.0941061917814664,1.0065278078988,0.922107927989111,1.09867641012792,"+6%","-51.8%","+133.3%",0.884251381556094,"Incertain","Incertain"
"76","Roitelet à triple bandeau","REGIGN",2015,2024,0.00609340319795054,0.00548515265106381,-0.00465749599813452,0.0168443023940355,1.00611200574429,0.995353333317331,1.01698696756169,"+5.6%","-4.1%","+16.4%",0.26661554581828,"Stable","Stable"
"77","Faisan de Colchide","PHACOL",2015,2024,0.00510134739728657,0.00620848118995116,-0.00706727573501761,0.0172699705295908,1.00511438142419,0.992957638731122,1.01741995865677,"+4.7%","-6.2%","+16.8%",0.411262476701576,"Stable","Stable"
"78","Faucon hobereau","FALSUB",2015,2024,0.00413836005856472,0.019986501279561,-0.0350351824493749,0.0433119025665043,1.00414693489506,0.965571444491501,1.04426355254338,"+3.8%","-27%","+47.7%",0.835964754767484,"Incertain","Stable"
"79","Chardonneret élégant","CARCAR",2015,2024,0.0037986849552252,0.00462666345138551,-0.00526957540949049,0.0128669453199408,1.00380590910344,0.994744284447134,1.01295008064411,"+3.5%","-4.6%","+12.3%",0.411622352379446,"Stable","Stable"
"80","Grive musicienne","TURPHI",2015,2024,0.00346216745484857,0.00300984097232314,-0.00243712085090475,0.00936145576060211,1.00346816767919,0.997565846517015,1.00940541124295,"+3.2%","-2.2%","+8.8%",0.250027528439168,"Stable","Stable"
"81","Bondrée apivore","PERAPI",2015,2024,0.00279620866208683,0.0345910252211667,-0.0650022007714,0.0705946180955735,1.0028001216999,0.937065401108399,1.07314610366775,"+2.5%","-44.3%","+88.8%",0.93557218136854,"Incertain","Incertain"
"82","Fauvette babillarde","SYLCUR",2015,2024,0.0027731846676642,0.0146071944753921,-0.0258569165041041,0.0314032858394329,1.00277703350128,0.974474510853746,1.03190157127522,"+2.5%","-20.8%","+32.7%",0.849426202088637,"Incertain","Stable"
"83","Faucon pèlerin","FALPER",2015,2024,0.00276070935821076,0.0592786559093693,-0.113425456224153,0.118946874940575,1.00276452362551,0.892770744433039,1.12631008140894,"+2.5%","-64%","+191.7%",0.962854566448716,"Incertain","Incertain"
"84","Cygne tuberculé","CYGOLO",2015,2024,0.00210852248443759,0.0302219960406451,-0.0571265897552267,0.0613436347241019,1.00211074698116,0.944474501002718,1.06326422592562,"+1.9%","-40.2%","+73.7%",0.944378468441416,"Incertain","Incertain"
"85","Autour des palombes","ACCGEN",2015,2024,0.00193634278890625,0.0555512272841002,-0.10694406268793,0.110816748265743,1.00193821871122,0.89857593550704,1.11719016106051,"+1.8%","-61.8%","+171.1%",0.972193859802393,"Incertain","Incertain"
"86","Corbeau freux","CORFRU",2015,2024,0.00158956925122119,0.021603549486826,-0.0407533877429577,0.0439325262454001,1.00159083328609,0.960065864765564,1.04491184838416,"+1.4%","-30.7%","+48.5%",0.941345319398833,"Incertain","Stable"
"87","Mouette rieuse","LARRID",2015,2024,0.000961921050606299,0.0483410862257928,-0.0937866079519478,0.0957104500531603,1.00096238384504,0.910477030070576,1.10044038540443,"+0.9%","-57%","+136.6%",0.984124243608938,"Incertain","Incertain"
"88","Héron cendré","ARDCIN",2015,2024,0.000632513462874266,0.00969382622502162,-0.0183673859381682,0.0196324128639167,1.0006327135417,0.981800266480209,1.01982639605446,"+0.6%","-15.2%","+19.3%",0.947975666095922,"Stable","Stable"
"89","Grive draine","TURVIS",2015,2024,0.00042013931335242,0.00511157818167015,-0.00959855392272116,0.0104388325494259,1.00042022758424,0.990447365159611,1.01049350724297,"+0.4%","-8.3%","+9.9%",0.934492715873617,"Stable","Stable"
"90","Grèbe castagneux","TACRUF",2015,2024,7.74803924639061e-05,0.0215461042800832,-0.042152883996499,0.0423078447814269,1.00007748339415,0.958723195933817,1.04321557779542,"+0.1%","-31.6%","+46.3%",0.997130791029739,"Incertain","Stable"
"91","Mésange à longue queue","AEGCAU",2015,2024,-0.00153875185594133,0.00729596277997537,-0.0158388389046931,0.0127613351928104,0.998462431415697,0.984285935873113,1.01284310850609,"-1.4%","-13.3%","+12.2%",0.832961741939927,"Stable","Stable"
"92","Coucou gris","CUCCAN",2015,2024,-0.00221904758372061,0.00336852382978171,-0.0088213542900928,0.00438325912265139,0.997783412682217,0.991217439700013,1.00439287965421,"-2%","-7.6%","+4%",0.510050120990477,"Stable","Stable"
"93","Corneille noire","CORCOR",2015,2024,-0.00222120130779098,0.00306991262711697,-0.0082382300569403,0.00379582744135832,0.997781263734378,0.991795611165939,1.00380304071824,"-2%","-7.1%","+3.5%",0.469348843530781,"Stable","Stable"
"94","Alouette des champs","ALAARV",2015,2024,-0.00321785867090006,0.00306065301693793,-0.00921673858409837,0.00278102124229837,0.996787313087496,0.990825605360088,1.00278489186914,"-2.9%","-8%","+2.5%",0.293091702476008,"Stable","Stable"
"95","Bergeronnette printanière","MOTFLA",2015,2024,-0.00340086123904139,0.0090687828036166,-0.0211756755341299,0.0143739530560472,0.996604915139466,0.97904695486422,1.0144777550714,"-3%","-17.4%","+13.8%",0.707654915749688,"Stable","Stable"
"96","Cochevis huppé","GALCRI",2015,2024,-0.00346041761144271,0.0294024513051824,-0.0610892221696003,0.0541683869467149,0.996545562733428,0.940739301229992,1.05566234694907,"-3.1%","-42.3%","+62.8%",0.906312128570336,"Incertain","Incertain"
"97","Canard colvert","ANAPLA",2015,2024,-0.00364795310324413,0.00875427443348944,-0.0208063309928834,0.0135104247863953,0.996358692594157,0.979408627299381,1.01360210298054,"-3.2%","-17.1%","+12.9%",0.67689393134837,"Stable","Stable"
"98","Pic vert","PICVIR",2015,2024,-0.00507816878597911,0.00368394920390619,-0.0122987092256352,0.00214237165367714,0.994934703315012,0.987776610802758,1.00214466817153,"-4.5%","-10.5%","+1.9%",0.168061965677523,"Stable","Stable"
"99","Buse variable","BUTBUT",2015,2024,-0.00524683404903325,0.00408672408177547,-0.0132568132493132,0.0027631451512468,0.994766906542697,0.986830671284043,1.00276696615533,"-4.6%","-11.2%","+2.5%",0.199186452180154,"Stable","Stable"
"100","Busard Saint-Martin","CIRCYA",2015,2024,-0.00696272963216073,0.0210237941232654,-0.0481693661137609,0.0342439068494393,0.993061454009201,0.952972372181586,1.03483697977653,"-6.1%","-35.2%","+36.1%",0.740506029628448,"Incertain","Stable"
"101","Epervier d'Europe","ACCNIS",2015,2024,-0.00736563909137333,0.0131864702545197,-0.0332111207902319,0.0184798426074854,0.992661420749805,0.967334313644793,1.01865165160145,"-6.4%","-25.8%","+18.1%",0.576451470905959,"Stable","Stable"
"102","Pinson des arbres","FRICOE",2015,2024,-0.0075261379652996,0.00158515109318565,-0.0106330341079435,-0.0044192418226557,0.992502112494324,0.989423296766404,0.995590508657956,"-6.5%","-9.1%","-3.9%",2.05540193966983e-06,"Déclin modéré","Déclin modéré"
"103","Tourterelle turque","STRDEC",2015,2024,-0.00792725434470621,0.00314934308147741,-0.0140999667844019,-0.00175454190501051,0.992104083473723,0.985998972189304,0.99824699640383,"-6.9%","-11.9%","-1.6%",0.0118320668302073,"Déclin modéré","Déclin modéré"
"104","Bergeronnette grise","MOTALB",2015,2024,-0.00808855213645226,0.00488349904189819,-0.0176602102585728,0.00148310598566817,0.991944072180958,0.982494817306665,1.00148420633126,"-7%","-14.7%","+1.3%",0.0976605552234012,"Stable","Stable"
"105","Rougequeue noir","PHOOCH",2015,2024,-0.0108233357766748,0.00304911784280649,-0.0167996067485756,-0.00484706480477412,0.989235025776657,0.983340719736084,0.995164663257293,"-9.3%","-14%","-4.3%",0.000385726996728238,"Déclin modéré","Déclin modéré"
"106","Geai des chênes","GARGLA",2015,2024,-0.0118690602485278,0.00337824777643467,-0.0184904258903398,-0.00524769460671589,0.988201099197172,0.981679473253728,0.994766050488762,"-10.1%","-15.3%","-4.6%",0.000442448121843533,"Déclin modéré","Déclin modéré"
"107","Mésange huppée","PARCRI",2015,2024,-0.0119266382201922,0.00976213525457999,-0.031060423319169,0.0072071468787845,0.988144202220306,0.969416995913779,1.00723318086786,"-10.2%","-24.4%","+6.7%",0.22181188979339,"Stable","Stable"
"108","Tourterelle des bois","STRTUR",2015,2024,-0.0121585226794971,0.00512161646431477,-0.0221968909495541,-0.00212015440944015,0.987915093500661,0.978047647362447,0.997882091530393,"-10.4%","-18.1%","-1.9%",0.0175983632542995,"Déclin modéré","Déclin modéré"
"109","Hirondelle de fenêtre","DELURB",2015,2024,-0.0123128972392775,0.0105253398420557,-0.0329425633297067,0.00831676885115155,0.987762596314147,0.967594133378247,1.0083514492495,"-10.5%","-25.7%","+7.8%",0.242067899432691,"Stable","Stable"
"110","Merle noir","TURMER",2015,2024,-0.0123899437821131,0.00173984609380969,-0.0158000421259802,-0.00897984543824615,0.987686495552647,0.984324123737535,0.991060352958683,"-10.6%","-13.3%","-7.8%",1.06923694421008e-12,"Déclin modéré","Déclin modéré"
"111","Grimpereau des bois","CERFAM",2015,2024,-0.0125700637834015,0.0145949781061536,-0.0411762208714627,0.0160360933046595,0.987508609480696,0.959660002924358,1.01616536151019,"-10.7%","-31%","+15.5%",0.389095127251133,"Incertain","Stable"
"112","Gorgebleue à miroir","LUSSVE",2015,2024,-0.0135232496571771,0.0341760607493048,-0.0805083287258144,0.0534618294114602,0.986567778688451,0.922647219076044,1.05491672420685,"-11.5%","-51.5%","+61.8%",0.692331052707865,"Incertain","Incertain"
"113","Gallinule poule-d'eau","GALCHL",2015,2024,-0.0199518994210681,0.00987662110370489,-0.0393100767843296,-0.000593722057806414,0.980245822564354,0.961452538809387,0.999406454160258,"-16.4%","-29.8%","-0.5%",0.0433715760049335,"Déclin modéré","Déclin modéré"
"114","Martinet noir","APUAPU",2015,2024,-0.0210754927779458,0.0089605497050392,-0.0386381701998226,-0.00351281535606893,0.979145043399899,0.96209876217746,0.996493347361519,"-17.3%","-29.4%","-3.1%",0.0186712070648567,"Déclin modéré","Déclin modéré"
"115","Sittelle torchepot","SITEUR",2015,2024,-0.0210778359354489,0.00516928441877742,-0.0312096333962527,-0.0109460384746453,0.979142749111532,0.969272359919934,0.989113651416701,"-17.3%","-24.5%","-9.4%",4.55195494962028e-05,"Déclin modéré","Déclin modéré"
"116","Chevalier guignette","ACTHYP",2015,2024,-0.0211291769615909,0.0366745677140418,-0.0930113296811128,0.0507529757579308,0.979092480208493,0.911183176822831,1.05206297612232,"-17.3%","-56.7%","+57.9%",0.564529927203126,"Incertain","Incertain"
"117","Accenteur mouchet","PRUMOD",2015,2024,-0.0241555027990201,0.00500818140140758,-0.0339715383457789,-0.0143394672522613,0.976133906400628,0.966599015252949,0.985762853250583,"-19.5%","-26.3%","-12.1%",1.41267207334864e-06,"Déclin modéré","Déclin modéré"
"118","Hypolaïs polyglotte","HIPPOL",2015,2024,-0.0251548998998551,0.00455716359737469,-0.0340869405507094,-0.0162228592490006,0.97515884832081,0.96648747403148,0.983908022616955,"-20.3%","-26.4%","-13.6%",3.39272038688469e-08,"Déclin modéré","Déclin modéré"
"119","Goéland brun","LARFUS",2015,2024,-0.0255370630077139,0.0778228478374005,-0.178069844769019,0.126995718753591,0.974786249785922,0.836883969479895,1.13541215679186,"-20.5%","-79.9%","+213.6%",0.742803152010837,"Incertain","Incertain"
"120","Mésange nonnette","PARPAL",2015,2024,-0.0265588657804428,0.00769591514075113,-0.041642859456315,-0.0114748721045705,0.973790719197648,0.959212293006139,0.988590713139874,"-21.3%","-31.3%","-9.8%",0.000558442953114632,"Déclin modéré","Déclin modéré"
"121","Cassenoix moucheté","NUCCAR",2015,2024,-0.0296422606259062,0.0464287324138955,-0.120642576157141,0.0613580549053291,0.970792762231255,0.886350705858578,1.063279558499,"-23.4%","-66.2%","+73.7%",0.523183084858116,"Incertain","Incertain"
"122","Perdrix rouge","ALERUF",2015,2024,-0.0304768318141187,0.0134730718327888,-0.0568840526063848,-0.00406961102185278,0.96998290455112,0.944703598936602,0.995938658623199,"-24%","-40.1%","-3.6%",0.0236939948081115,"Déclin modéré","Déclin modéré"
"123","Fauvette grisette","SYLCOM",2015,2024,-0.0317283477742863,0.00363243903793146,-0.038847928288632,-0.0246087672599407,0.968769714786512,0.96189697534381,0.975691559849316,"-24.8%","-29.5%","-19.9%",2.44254555665957e-18,"Déclin modéré","Déclin modéré"
"124","Fauvette orphée","SYLHOR",2015,2024,-0.0325903950347218,0.0237900579356256,-0.0792189085885481,0.0140381185191045,0.967934949363206,0.923837666308294,1.01413711560674,"-25.4%","-51%","+13.5%",0.170712940456047,"Incertain","Incertain"
"125","Chouette hulotte","STRALU",2015,2024,-0.0326231877818177,0.0213946112669119,-0.0745566258649651,0.00931025030132948,0.967903208637641,0.928154914996013,1.00935372549858,"-25.4%","-48.9%","+8.7%",0.127301007370002,"Incertain","Incertain"
"126","Pipit des arbres","ANTTRI",2015,2024,-0.0342079508447946,0.00616853674375313,-0.0462982828625507,-0.0221176188270384,0.966370526174108,0.954757132022467,0.978125182348516,"-26.5%","-34.1%","-18%",2.93025632523987e-08,"Déclin modéré","Déclin modéré"
"127","Pouillot fitis","PHYTRO",2015,2024,-0.0360005237252839,0.0137103862522844,-0.0628728807797614,-0.00912816667080649,0.964639788276744,0.939062839038011,0.990913368566313,"-27.7%","-43.2%","-7.9%",0.00864494559224864,"Déclin modéré","Déclin modéré"
"128","Pouillot siffleur","PHYSIB",2015,2024,-0.0366584523469584,0.0115470142665213,-0.05929060030934,-0.0140263043845767,0.964005332886497,0.942432858079615,0.986071605914975,"-28.1%","-41.4%","-11.9%",0.00149984943781521,"Déclin modéré","Déclin modéré"
"129","Pipit rousseline","ANTCAM",2015,2024,-0.0383723678866217,0.0270493087031823,-0.0913890129448592,0.0146442771716156,0.962354524243543,0.912662604265857,1.01475202994319,"-29.2%","-56.1%","+14.1%",0.156013308884767,"Incertain","Incertain"
"130","Pic cendré","PICCAN",2015,2024,-0.038732564023089,0.0264861051547188,-0.0906453301263377,0.0131802020801597,0.962007950283046,0.913341588206809,1.01326744381012,"-29.4%","-55.8%","+12.6%",0.143639034760479,"Incertain","Incertain"
"131","Troglodyte mignon","TROTRO",2015,2024,-0.038912220884873,0.00251399220064803,-0.0438396455981431,-0.0339847961716029,0.961835134477925,0.957107421556494,0.966586200336512,"-29.5%","-32.6%","-26.4%",4.86464865562128e-54,"Déclin modéré","Déclin modéré"
"132","Hirondelle rustique","HIRRUS",2015,2024,-0.0393797624492624,0.00461989193425122,-0.0484347506403948,-0.0303247742581301,0.961385541684315,0.952719501615151,0.970130408995236,"-29.8%","-35.3%","-23.9%",1.54192240523367e-17,"Déclin modéré","Déclin modéré"
"133","Busard cendré","CIRPYG",2015,2024,-0.0415565770369658,0.0284458376764206,-0.0973104188827502,0.0141972648088187,0.959295059734055,0.907274327333287,1.01429852460943,"-31.2%","-58.3%","+13.6%",0.144042377405504,"Incertain","Incertain"
"134","Grèbe huppé","PODCRI",2015,2024,-0.0451694192153886,0.024144415232788,-0.0924924730716531,0.00215363464087591,0.955835531208975,0.911656072908575,1.00215595537767,"-33.4%","-56.5%","+2%",0.0613725365763502,"Incertain","Incertain"
"135","Verdier d'Europe","CARCHL",2015,2024,-0.0463114266259318,0.00464524365648549,-0.0554161041926434,-0.0372067490592202,0.954744583003108,0.946091393442279,0.96347691680951,"-34.1%","-39.3%","-28.5%",2.06968861538066e-23,"Déclin modéré à fort","Déclin modéré"
"136","Fauvette des jardins","SYLBOR",2015,2024,-0.0480316152826485,0.00678390288557831,-0.061328064938382,-0.034735165626915,0.95310365395976,0.940514639281093,0.96586117562807,"-35.1%","-42.4%","-26.8%",1.43911949955656e-12,"Déclin modéré à fort","Déclin modéré"
"137","Rousserolle effarvatte","ACRSCI",2015,2024,-0.0482164110026934,0.0128769379734402,-0.0734552094306363,-0.0229776125747505,0.952927540756734,0.929177763260534,0.977284362408984,"-35.2%","-48.4%","-18.7%",0.000180825128971611,"Déclin modéré à fort","Déclin modéré"
"138","Hirondelle de rivage","RIPRIP",2015,2024,-0.0517052778239277,0.0451753113858147,-0.140248888140125,0.0368383324922691,0.949608696346288,0.869141889368593,1.03752527315373,"-37.2%","-71.7%","+39.3%",0.252396759677037,"Incertain","Incertain"
"139","Traquet motteux","OENOEN",2015,2024,-0.0522373295512271,0.0382873501957153,-0.127280535934829,0.0228058768323749,0.949103589782464,0.88048662980679,1.02306791908428,"-37.5%","-68.2%","+22.8%",0.172457573489839,"Incertain","Incertain"
"140","Foulque macroule","FULATR",2015,2024,-0.0556136025762633,0.0147910646220951,-0.0846040892355697,-0.0266231159169568,0.945904560371539,0.918876005297872,0.973728155020904,"-39.4%","-53.3%","-21.3%",0.000169950115056095,"Déclin modéré à fort","Déclin modéré"
"141","Hypolaïs ictérine","HIPICT",2015,2024,-0.0567742360630331,0.0600576645450162,-0.174487258571265,0.0609387864451989,0.944807348716946,0.83988755552847,1.06283385235762,"-40%","-79.2%","+73.1%",0.344491072576323,"Incertain","Incertain"
"142","Outarde canepetière","TETRAX",2015,2024,-0.0579285403798215,0.0349971141425154,-0.126522884099152,0.0106658033395086,0.943717382713045,0.881153984897633,1.01072288578281,"-40.6%","-68%","+10.1%",0.0978763042447732,"Incertain","Incertain"
"143","Vanneau huppé","VANVAN",2015,2024,-0.0581611525466649,0.0258930978309466,-0.10891162429532,-0.00741068079800962,0.943497888097313,0.896809670182744,0.99261671059222,"-40.8%","-62.5%","-6.5%",0.0246910118359252,"Déclin modéré à fort","Déclin modéré"
"144","Grive litorne","TURPIL",2015,2024,-0.059790071629749,0.0282484912981179,-0.11515711457406,-0.00442302868543797,0.941962257431141,0.891226108295906,0.995586738500451,"-41.6%","-64.5%","-3.9%",0.0342958700968763,"Déclin modéré à fort","Déclin modéré"
"145","Mésange noire","PARATE",2015,2024,-0.0619824864429612,0.00780916856318779,-0.0772884568268092,-0.046676516059113,0.93989934762778,0.925622812874062,0.954396079465817,"-42.8%","-50.1%","-34.3%",2.06891719604107e-15,"Déclin fort","Déclin modéré"
"146","Roitelet huppé","REGREG",2015,2024,-0.0625086433019048,0.00888751410945299,-0.0799281709564325,-0.0450891156473768,0.939404943217851,0.923182655332324,0.955912291294577,"-43%","-51.3%","-33.4%",2.01690330014022e-12,"Déclin fort","Déclin modéré"
"147","Perdrix grise","PERPER",2015,2024,-0.0656140634419472,0.0156528162202859,-0.0962935832337076,-0.0349345436501867,0.936492221141195,0.908197345412094,0.965668623332104,"-44.6%","-58%","-27%",2.76704057158971e-05,"Déclin modéré à fort","Déclin modéré"
"148","Bouvreuil pivoine","PYRPYR",2015,2024,-0.0657053740916815,0.0115094184142526,-0.0882638341836166,-0.0431469139997464,0.936406713331957,0.915519299569584,0.957770669810454,"-44.6%","-54.8%","-32.2%",1.13751901947648e-08,"Déclin fort","Déclin modéré"
"149","Cincle plongeur","CINCIN",2015,2024,-0.0685669632014823,0.0408391394079786,-0.14861167644112,0.0114777500381558,0.933730932397462,0.861903747452524,1.01154387214665,"-46%","-73.8%","+10.9%",0.093161358775254,"Incertain","Incertain"
"150","Bruant jaune","EMBCIT",2015,2024,-0.068796809754799,0.0050784619306241,-0.0787505951388222,-0.0588430243707757,0.933516342223276,0.924270413235483,0.942854762760753,"-46.2%","-50.8%","-41.1%",8.27818685632004e-42,"Déclin fort","Fort déclin"
"151","Mésange boréale","PARMON",2015,2024,-0.0693483620751166,0.0242087362632717,-0.116797485151129,-0.0218992389991042,0.933001601085052,0.889765365617545,0.978338808482506,"-46.4%","-65%","-17.9%",0.00417535415785007,"Déclin modéré à fort","Déclin modéré"
"152","Bruant des roseaux","EMBSCH",2015,2024,-0.0702215743574003,0.0204003918398636,-0.110206342363533,-0.0302368063512676,0.932187248230797,0.895649305833447,0.970215753090414,"-46.8%","-62.9%","-23.8%",0.000577071909180186,"Déclin modéré à fort","Déclin modéré"
"153","Fuligule morillon","AYTFUL",2015,2024,-0.0724427458604018,0.0570228031314988,-0.184207439998139,0.0393219482773357,0.930118998298797,0.831763244963498,1.04010528985844,"-47.9%","-80.9%","+42.5%",0.203936084835216,"Incertain","Incertain"
"154","Bec-croisé des sapins","LOXCUR",2015,2024,-0.0729572002531907,0.0405034331025457,-0.15234392913418,0.00642952862779872,0.929640617557394,0.858692900443314,1.00645024241649,"-48.1%","-74.6%","+6%",0.071661962444093,"Incertain","Incertain"
"155","Bruant fou","EMBCIA",2015,2024,-0.0741817789921244,0.0277474895020904,-0.128566858416222,-0.0197966995680272,0.928502896179165,0.879354768185895,0.980397968378158,"-48.7%","-68.6%","-16.3%",0.00750734245826519,"Déclin modéré à fort","Déclin modéré"
"156","Locustelle tachetée","LOCNAE",2015,2024,-0.0778162676881391,0.0203324689752858,-0.117667906879699,-0.0379646284965789,0.925134388009246,0.88899123147045,0.962746994097535,"-50.4%","-65.3%","-28.9%",0.000129613281430016,"Déclin modéré à fort","Déclin modéré"
"157","Tarier des prés","SAXRUB",2015,2024,-0.0845789732964398,0.0272830118301877,-0.138053676483608,-0.0311042701092719,0.918899084021509,0.871051935486017,0.969374491022095,"-53.3%","-71.1%","-24.4%",0.00193481453028678,"Déclin modéré à fort","Déclin modéré"
"158","Pipit farlouse","ANTPRA",2015,2024,-0.0848472278274344,0.0251080341258756,-0.13405897471415,-0.0356354809407181,0.918652618237953,0.874538487425165,0.964991987351114,"-53.4%","-70.1%","-27.4%",0.000726743659872635,"Déclin modéré à fort","Déclin modéré"
"159","Chevalier gambette","TRITOT",2015,2024,-0.0956294620427857,0.1304587066012,-0.351328526981138,0.160069602895567,0.908800698842444,0.703752514184512,1.17359255358905,"-57.7%","-95.8%","+322.3%",0.463543328289095,"Incertain","Incertain"
"160","Bruant ortolan","EMBHOR",2015,2024,-0.103594092855304,0.0388778887067724,-0.179794754720578,-0.02739343099003,0.90159118546167,0.83544166427355,0.972978366369841,"-60.6%","-80.2%","-21.9%",0.00770795292352706,"Déclin modéré à fort","Déclin modéré"
"161","Courlis cendré","NUMARQ",2015,2024,-0.138451941179788,0.0363332585689414,-0.209665127974913,-0.0672387543846628,0.870705095323254,0.810855733412376,0.934971946034593,"-71.2%","-84.8%","-45.4%",0.000138623344104442,"Déclin fort","Fort déclin"
"162","Petit Gravelot","CHADUB",2015,2024,-0.161987056839226,0.0523030619525059,-0.264501058266137,-0.0594730554123143,0.850452212008708,0.76758883655387,0.942260922081225,"-76.7%","-90.7%","-41.4%",0.00195433471055975,"Déclin fort","Fort déclin"
"163","Coucou geai","CLAGLA",2015,2024,-0.187354101442104,0.0623455438747128,-0.309551367436541,-0.0651568354476664,0.829150081157144,0.733776078234327,0.93692050950638,"-81.5%","-93.8%","-44.4%",0.00265500441294015,"Déclin fort","Fort déclin"
"164","Moineau friquet","PASMON",2015,2024,-0.197864618093583,0.022482022336698,-0.241929381873511,-0.153799854313655,0.820480923890831,0.785111618705829,0.857443617480061,"-83.1%","-88.7%","-74.9%",1.35584102583541e-18,"Déclin fort","Fort déclin"
"165","Fauvette passerinette","SYLCAN",2015,2024,-0.567465571105679,0.0822940463956378,-0.728761902041129,-0.406169240170229,0.56696054052544,0.482506010135581,0.666197410520494,"-99.4%","-99.9%","-97.4%",5.36436819092639e-12,"Déclin fort","Fort déclin"
